season,hrat
1987,0.045372
1988,0.04461
1989,0.032759
1990,0.063584
1991,0.04902
1992,0.071882
1993,0.085343
1994,0.094629
1995,0.065217
1996,0.081238
1997,0.075188
1998,0.067029
1999,0.095775
2000,0.102083
2001,0.1534
